id,Area,MajorAxisLength,MinorAxisLength,Eccentricity,ConvexArea,EquivDiameter,Extent,Perimeter,Roundness,AspectRatio,Class
1,285.0,26.431585518419695,13.88394175069856,0.8509304147177147,301.0,19.04923279949934,0.782967032967033,66.62741699796952,0.8067681975372778,1.9037522623638068,Arborio
2,274.0,27.916181503159105,12.61192787467687,0.8921301896678528,286.0,18.677998695187732,0.6342592592592593,66.5269119345812,0.7779751005681685,2.213474560000554,Arborio
3,285.0,26.881786525523655,13.706938372101451,0.8602355482962947,304.0,19.04923279949934,0.6447963800904978,67.94112549695429,0.7758705187218959,1.961180957830653,Arborio
4,275.0,26.76768012500857,13.21019471949124,0.8697384918912084,287.0,18.712051592547777,0.6610576923076923,65.94112549695427,0.794748737802337,2.026289596285335,Arborio
5,329.0,29.68089082284446,14.316389343299678,0.8759820769435355,348.0,20.466944330257718,0.709051724137931,73.11269837220809,0.7734284380699054,2.0732106476788186,Arborio
6,299.0,27.5204612670273,13.891296656251471,0.8632582608803943,313.0,19.511499785403828,0.6644444444444444,67.94112549695427,0.8139834564836735,1.9811297640557064,Arborio
7,327.0,29.735123483458135,14.117066781018751,0.880114945859417,340.0,20.404639941160397,0.7785714285714286,72.2842712474619,0.7864479828022235,2.1063244896906492,Arborio
8,295.0,29.05574442133354,12.971021286946739,0.8948243067114061,309.0,19.38054864282415,0.7023809523809523,69.698484809835,0.7631065935291036,2.2400506312154085,Arborio
9,270.0,25.850522960204113,13.367101647048747,0.8559297531786386,277.0,18.5411616971131,0.6818181818181818,63.698484809834994,0.8362101298939707,1.9338914031458359,Arborio
10,305.0,27.920678628767664,14.128616961488849,0.8625176436042873,328.0,19.706294962377495,0.61,71.01219330881976,0.7600529519551357,1.9761791762684628,Arborio
11,201.0,21.939092034078246,11.766957786344783,0.843997812043996,214.0,15.99753570059363,0.7613636363636364,55.21320343559643,0.8285524974398201,1.8644659420413605,Arborio
12,313.0,28.98106715298101,13.923473756064237,0.8770311914415199,330.0,19.963065333312567,0.6688034188034188,71.698484809835,0.7651282650053449,2.081453785220702,Arborio
13,273.0,24.682055053698424,14.164447680572856,0.8189419601982101,286.0,18.643883600599406,0.7109375,63.698484809834994,0.8455013535594593,1.7425356505464675,Arborio
14,292.0,26.440605554469972,14.266385988340796,0.8419449012155944,315.0,19.281751659604673,0.6488888888888888,68.52691193458118,0.7813945766792377,1.8533499357215315,Arborio
15,318.0,27.91650035693037,14.779966795823375,0.8483506303817252,338.0,20.12188299403865,0.7571428571428571,71.4558441227157,0.7826389826941234,1.8888067031936233,Arborio
16,302.0,27.40506872431914,14.170172707108321,0.8559467774667355,314.0,19.60913925979463,0.6622807017543859,68.18376618407356,0.8163094698057592,1.9339968037631377,Arborio
17,263.0,26.636667203586885,12.705757564268305,0.8789019224761884,269.0,18.29923496393627,0.842948717948718,63.21320343559643,0.8270847505048142,2.0964249529280883,Arborio
18,275.0,26.58962303689245,13.460152135703703,0.8624054122195703,293.0,18.712051592547777,0.6111111111111112,67.59797974644665,0.7562669552269287,1.9754325782367788,Arborio
19,299.0,27.43978471564073,14.009434019171275,0.8598469427521177,311.0,19.511499785403828,0.791005291005291,68.8700576850888,0.7921732239769181,1.9586647596248805,Arborio
20,314.0,29.547837780932213,13.66266430029663,0.8866759548222003,331.0,19.994929783493642,0.7008928571428571,71.698484809835,0.7675727642545633,2.162670261926197,Arborio
21,295.0,28.26490008483301,13.418003060453708,0.8801351650512056,309.0,19.38054864282415,0.597165991902834,69.01219330881976,0.7783594808262696,2.106490806231585,Arborio
22,313.0,29.190354854667675,13.81301410175194,0.8809524844194648,323.0,19.963065333312567,0.6336032388663968,71.01219330881975,0.7799887670883853,2.1132502030071327,Arborio
23,303.0,28.091255595686164,13.95210245019644,0.8679390852666788,325.0,19.64157789116634,0.606,70.76955262170046,0.7602555376281349,2.01340663143501,Arborio
24,316.0,28.613250780493065,14.185842829479952,0.8684488425315796,335.0,20.0585068271871,0.632,71.35533905932738,0.7799091191666759,2.0170286055214963,Arborio
25,360.0,29.705111919284043,15.57111221908546,0.8516015564050589,381.0,21.409489393833255,0.7142857142857143,75.11269837220809,0.8018361586898886,1.9077064952929044,Arborio
26,323.0,28.08728678929347,14.79389750185679,0.850044101964521,340.0,20.279456919490165,0.7037037037037037,71.11269837220809,0.8026349556655206,1.8985724881335846,Arborio
27,343.0,28.746786840300594,15.239081184148302,0.8479262278684903,356.0,20.897874625046462,0.6496212121212122,71.59797974644667,0.8408188661502276,1.8863858321197875,Arborio
28,241.0,25.862713067466178,12.246556671258817,0.8807821352983894,252.0,17.517155313611116,0.5738095238095238,62.76955262170047,0.7686503689531833,2.1118354948018023,Arborio
29,308.0,28.82329714749581,13.688125653835211,0.8800408550537364,322.0,19.802974013476614,0.6581196581196581,69.94112549695427,0.7912165211898821,2.1057154117678594,Arborio
30,326.0,27.79953920946241,15.059457518508495,0.840561529156862,346.0,20.37341629633241,0.7276785714285714,71.11269837220809,0.8100897694952313,1.8459854330938545,Arborio
31,304.0,28.509937264482378,13.703931665885413,0.8769004070294225,321.0,19.67396303746374,0.7238095238095238,70.2842712474619,0.7733340904092778,2.0804202735084454,Arborio
32,317.0,28.42510135227994,14.283828058770265,0.8645728202385595,332.0,20.090219901261573,0.6773504273504274,70.5269119345812,0.8008651387077719,1.9900198486936376,Arborio
33,291.0,27.156301438842597,13.901345257042246,0.8590442872373456,308.0,19.248706645328987,0.60625,68.18376618407356,0.7865763434221057,1.9535016889883774,Arborio
34,304.0,26.091684922544673,15.001140863618811,0.8181959091651716,319.0,19.67396303746374,0.6877828054298643,67.35533905932738,0.8420529356864564,1.7393133735463389,Arborio
35,295.0,26.810281267614425,14.13685212336318,0.8496840227564695,313.0,19.38054864282415,0.6413043478260869,67.94112549695429,0.803094045694594,1.8964816943445693,Arborio
36,291.0,27.477928745162473,13.624300805060908,0.868421280289241,303.0,19.248706645328987,0.6298701298701299,67.35533905932738,0.8060440930419699,2.0168322131404697,Arborio
37,330.0,29.272896735752585,14.428150593676136,0.8700948728671293,342.0,20.49802550887777,0.625,71.59797974644667,0.8089510957130468,2.0288738009556755,Arborio
38,276.0,24.870494312818646,14.288642235183524,0.8184892495485662,291.0,18.746042631630413,0.7582417582417582,64.87005768508881,0.8241957634843802,1.740577859215971,Arborio
39,252.0,25.84854941344627,12.629271545556184,0.8725150451473094,263.0,17.91246396432554,0.8076923076923077,63.21320343559642,0.7924918521947272,2.0467173676807597,Arborio
40,323.0,27.87664252600265,14.848725545991913,0.846330381853757,340.0,20.279456919490165,0.6408730158730159,70.76955262170047,0.8104374212999587,1.8773761047477464,Arborio
41,318.0,27.818273412929706,14.786031071106622,0.8470443350661923,337.0,20.12188299403865,0.6625,70.52691193458118,0.8033915271579544,1.8813888107735268,Arborio
42,273.0,25.531697535151686,13.734183580095468,0.8429915719850662,284.0,18.643883600599406,0.6893939393939394,64.2842712474619,0.8301624036890523,1.858989097259046,Arborio
43,195.0,23.993166523728167,10.461446310882236,0.89993806894833,205.0,15.756957549709801,0.609375,56.8700576850888,0.7576648467757715,2.2934846493232897,Arborio
44,285.0,28.323943527665666,13.052942255571892,0.8874807405978962,296.0,19.04923279949934,0.782967032967033,68.04163056034261,0.7735801172940151,2.1699278961856328,Arborio
45,323.0,28.82209421872271,14.352814094408929,0.8671887612026069,336.0,20.279456919490165,0.6901709401709402,71.11269837220809,0.8026349556655206,2.008114508356255,Arborio
46,293.0,26.87799718123569,14.185490824617222,0.8493852381246015,310.0,19.314740138231286,0.6341991341991342,67.94112549695429,0.7976493403000543,1.8947527099021586,Arborio
47,318.0,28.34473454105333,14.391848041325256,0.8615084315127245,337.0,20.12188299403865,0.6437246963562753,71.35533905932738,0.7848452528322878,1.9694992929096575,Arborio
48,339.0,29.330766798428012,14.92907236770024,0.8607723237601654,356.0,20.775663783985824,0.70625,73.94112549695427,0.7791793753926421,1.9646744336162858,Arborio
49,282.0,26.753429907207323,13.469535099861533,0.8640130182155833,297.0,18.948708441878455,0.6527777777777778,66.52691193458118,0.8006897020446117,1.9862177654136222,Arborio
50,316.0,28.45522167680327,14.221875534454373,0.8661417405875731,333.0,20.0585068271871,0.6396761133603239,70.76955262170047,0.7928737620148203,2.000806546778358,Arborio
51,342.0,29.551755022393877,14.909864128921061,0.8633918451897525,358.0,20.867389014906145,0.76,73.69848480983498,0.7912593442167972,1.9820271175423758,Arborio
52,300.0,26.895496937161575,14.28593947646968,0.8472685674288608,315.0,19.544100476116796,0.6666666666666666,67.35533905932738,0.8309732917958452,1.8826551086444858,Arborio
53,295.0,27.592433160972913,13.712231227284853,0.8677756146933008,303.0,19.38054864282415,0.6413043478260869,67.35533905932738,0.8171237369325812,2.0122496990912007,Arborio
54,330.0,27.72011321369368,15.225760733146208,0.835646502284055,345.0,20.49802550887777,0.7638888888888888,70.2842712474619,0.839474506036387,1.8206061227106696,Arborio
55,321.0,28.537966458658516,14.459538863223589,0.8621358052370552,338.0,20.216574731145414,0.6604938271604939,71.94112549695429,0.779400070151814,1.9736429168735126,Arborio
56,290.0,28.80446061690914,12.935073569021299,0.8934991179220222,307.0,19.21560480373171,0.6041666666666666,69.94112549695427,0.744976594626837,2.2268493845983253,Arborio
57,248.0,24.165700450335006,13.116530617459295,0.8398783446361691,260.0,17.769732893161912,0.7045454545454546,60.870057685088796,0.8411125600580516,1.8423850906251278,Arborio
58,291.0,26.37723569445928,14.230610716681136,0.8419833633489545,308.0,19.248706645328987,0.7994505494505495,68.04163056034261,0.7898660145002048,1.8535561276748198,Arborio
59,240.0,25.99983308203053,11.79996759580747,0.8910792081477726,251.0,17.480774889473267,0.7142857142857143,62.04163056034261,0.7835283215010409,2.203381735664111,Arborio
60,309.0,28.163856016015988,14.115997677384659,0.8653258587761873,329.0,19.83509564693766,0.6897321428571429,70.5269119345812,0.7806540311063138,1.9951728995491054,Arborio
61,276.0,27.851508742568164,12.725159002649686,0.8895216686849841,288.0,18.746042631630413,0.6388888888888888,66.52691193458118,0.7836537509372796,2.1886963248764753,Arborio
62,291.0,27.998618668827092,13.328347058351367,0.8794258590580228,310.0,19.248706645328987,0.6024844720496895,68.76955262170047,0.7732331323484437,2.1006819935172327,Arborio
63,317.0,27.421356263525634,14.84899424864238,0.8406930017672873,327.0,20.090219901261573,0.6563146997929606,68.76955262170047,0.8423192541390264,1.8466810481816116,Arborio
64,302.0,27.082831256304583,14.36542798133186,0.8477314699612235,310.0,19.60913925979463,0.6565217391304348,66.76955262170047,0.8512553890645946,1.8852784122755843,Arborio
65,294.0,27.368210518269976,13.825850030316067,0.8630144844830454,310.0,19.347672370394786,0.6805555555555556,69.11269837220809,0.7734664767705517,1.9794956880234815,Arborio
66,280.0,27.8854233796661,12.9091527282491,0.8863919632071852,298.0,18.881394877652593,0.6481481481481481,68.2842712474619,0.754616918233706,2.1601280863804813,Arborio
67,300.0,27.82777915793042,13.852542342821973,0.8672944553444544,309.0,19.544100476116796,0.6521739130434783,67.94112549695427,0.8167058091809434,2.0088571808156246,Arborio
68,240.0,24.166884350679585,12.866635608891292,0.8464880554131765,252.0,17.480774889473267,0.7692307692307693,60.04163056034262,0.836596705217555,1.878259794190443,Arborio
69,347.0,30.24426287459092,14.80291141320263,0.8720340174132106,363.0,21.019374919894773,0.7711111111111111,73.698484809835,0.8028274632842939,2.0431293568112716,Arborio
70,300.0,27.687548766451492,13.921506901786241,0.8643984196638156,316.0,19.544100476116796,0.625,68.76955262170047,0.797147559122107,1.9888327435946576,Arborio
71,335.0,29.087936084972572,14.850599209554593,0.8598530994289565,349.0,20.65272978291924,0.634469696969697,72.42640687119285,0.8025291035183857,1.9587045394274696,Arborio
72,306.0,27.508920947819206,14.391450730544355,0.8522370796480454,325.0,19.738573927438622,0.6538461538461539,69.94112549695427,0.786078751571766,1.9114765747301894,Arborio
73,276.0,26.75396853143752,13.250546579822712,0.8687367879965766,291.0,18.746042631630413,0.6494117647058824,66.52691193458118,0.7836537509372796,2.019084146474166,Arborio
74,255.0,26.323602397124684,12.652814554929224,0.8769047157737083,272.0,18.01877032173579,0.6129807692307693,65.94112549695427,0.7369488295985307,2.0804542959866317,Arborio
75,295.0,26.697848802499987,14.263217813305895,0.8453290816182688,304.0,19.38054864282415,0.8104395604395604,66.04163056034261,0.8499557283258561,1.8717970342985335,Arborio
76,303.0,27.777492163505674,14.019762742236457,0.8632850658702081,319.0,19.64157789116634,0.6474358974358975,69.94112549695429,0.7783720971445914,1.9813097178757648,Arborio
77,274.0,25.556437391744893,13.743304471623004,0.8430961028939814,287.0,18.677998695187732,0.6618357487922706,63.941125496954285,0.8421702075956841,1.8595554980618738,Arborio
78,293.0,27.55080152110973,13.952029289121214,0.8622922280638932,318.0,19.314740138231286,0.5634615384615385,71.84062043356595,0.7134069496064059,1.9746805966492529,Arborio
79,269.0,25.354699179436953,13.770062589702311,0.8396699250714763,287.0,18.5067943613625,0.6593137254901961,65.11269837220809,0.7973165096205893,1.8412914984422801,Arborio
80,315.0,27.708060955459082,14.707476963187927,0.8474962513809687,328.0,20.026743534373637,0.65625,69.35533905932738,0.8229256882586112,1.8839438623504874,Arborio
81,336.0,29.20408108378473,14.798832214056594,0.8620998164928678,349.0,20.683531783305643,0.6153846153846154,72.42640687119285,0.8049247127826198,1.9734044322798243,Arborio
82,291.0,26.751941295292895,14.157575437875943,0.8484866711669163,309.0,19.248706645328987,0.7698412698412699,68.04163056034261,0.7898660145002048,1.8895849372430735,Arborio
83,314.0,27.776280610505047,14.54445736460615,0.851946593069333,329.0,19.994929783493642,0.623015873015873,70.18376618407356,0.8010620783765618,1.9097502171582188,Arborio
84,239.0,24.66550126869396,12.445453802033336,0.8633712171576178,257.0,17.44431859350499,0.6494565217391305,61.11269837220809,0.8041644033468748,1.98188845991812,Arborio
85,302.0,28.021782187649592,13.929909796770888,0.8676874951470228,316.0,19.60913925979463,0.6741071428571429,69.94112549695427,0.7758032123355336,2.011626966467892,Arborio
86,279.0,26.920278139192725,13.412770773549305,0.8670389153084607,297.0,18.847647942942654,0.6118421052631579,67.35533905932738,0.7728051613701361,2.007063163435324,Arborio
87,226.0,27.102181865124006,10.70640164280494,0.9186646228510726,242.0,16.96325844612841,0.6686390532544378,63.45584412271571,0.7053018967417473,2.5313996961189646,Arborio
88,288.0,27.052704506430914,13.846509728646797,0.859084023654915,304.0,19.149229459268767,0.6063157894736843,68.18376618407356,0.7784673089538366,1.9537562199130987,Arborio
89,221.0,23.861480337912326,11.906059891234715,0.8666217426322405,232.0,16.774562271083887,0.7727272727272727,57.79898987322333,0.8313073889302626,2.004145834633272,Arborio
90,309.0,28.543653869226254,14.011179973470268,0.8712336861354297,330.0,19.83509564693766,0.7357142857142858,71.4558441227157,0.7604888228065537,2.037205568929439,Arborio
91,337.0,30.68173740732872,14.087265391027332,0.8883630394030722,349.0,20.71428798138497,0.8023809523809524,73.45584412271572,0.7848507131721598,2.177976814923284,Arborio
92,303.0,27.208123072233146,14.44394460583734,0.8474539985838366,317.0,19.64157789116634,0.63125,69.01219330881975,0.7994675345435924,1.8837044737237032,Arborio
93,331.0,29.814270078105505,14.488913834529207,0.8739741295681652,351.0,20.529059630371258,0.7880952380952381,74.04163056034261,0.7587276465216637,2.0577298214759017,Arborio
94,253.0,27.13434132237912,11.925434313289445,0.8982445497659589,265.0,17.94796937867892,0.695054945054945,64.2842712474619,0.7693446451770337,2.2753335945292323,Arborio
95,275.0,26.299302169119944,13.458857096460411,0.8591301262528913,289.0,18.712051592547777,0.6292906178489702,65.59797974644667,0.8030852123089722,1.9540516687733078,Arborio
96,295.0,27.167360814794602,14.0072433414118,0.8568349020278966,309.0,19.38054864282415,0.609504132231405,67.59797974644667,0.8112681883343413,1.939522299471695,Arborio
97,261.0,26.56669317061937,12.586513557270365,0.8806483877588844,271.0,18.229523339239496,0.8365384615384616,63.798989873223334,0.8057916563728019,2.1107269340105397,Arborio
98,320.0,28.29975200629206,14.74657710732794,0.8535047698133172,343.0,20.185060176161283,0.6477732793522267,72.5269119345812,0.7644717998078523,1.9190725956486003,Arborio
99,320.0,29.076753878092298,14.201266762611162,0.8726164033565972,334.0,20.185060176161283,0.6060606060606061,71.01219330881976,0.7974326053299783,2.047476071264646,Arborio
100,275.0,26.363065756744174,13.451486271555543,0.8600321579596091,288.0,18.712051592547777,0.7554945054945055,65.4558441227157,0.8065767554308364,1.9598626668111316,Arborio
101,275.0,38.507462267174084,9.353197941112738,0.9700530545421253,300.0,18.712051592547777,0.5456349206349206,83.11269837220809,0.5002738390411365,4.11703702943262,Basmati
102,253.0,40.027375663930755,8.053214839139919,0.9795516867233438,272.0,17.94796937867892,0.3382352941176471,85.74011537017762,0.4324762455058315,4.970359845535385,Basmati
103,365.0,42.938117107811294,11.039688128990218,0.9663829565182513,393.0,21.557653718072718,0.41103603603603606,94.5685424949238,0.5128724103929927,3.889432075083336,Basmati
104,256.0,36.80916985255099,9.01377283403302,0.9695537838301648,276.0,18.0540666735282,0.42105263157894735,79.84062043356595,0.5046636483817859,4.083658478009537,Basmati
105,237.0,38.31517459888246,7.876444052124282,0.9786424493498666,255.0,17.371176474327626,0.6583333333333333,80.38477631085024,0.4609041248812779,4.864526980109613,Basmati
106,289.0,38.96734637438129,9.633822326759539,0.9689573134001055,314.0,19.182445840623714,0.38844086021505375,83.7401153701776,0.5178936630227552,4.044847938096495,Basmati
107,344.0,42.78914019441946,10.319404216335965,0.9704831917313269,362.0,20.928315827817965,0.819047619047619,91.21320343559643,0.5195805550089234,4.146473894944711,Basmati
108,318.0,41.54069657330257,9.855956609226412,0.9714461217326219,343.0,20.12188299403865,0.37857142857142856,89.9827560572969,0.49353550595670087,4.214780788951045,Basmati
109,281.0,39.447540125561616,9.241358330236254,0.9721716760792404,305.0,18.91508160359296,0.5424710424710425,84.5269119345812,0.49422667049414265,4.268586793836956,Basmati
110,334.0,43.002074650092084,10.213144806410437,0.9713866738575544,367.0,20.62188177498708,0.5566666666666666,93.11269837220809,0.48410381572394867,4.21046361969735,Basmati
111,262.0,36.98519258822124,9.120841764356646,0.9691153332468596,283.0,18.26441241104166,0.3898809523809524,78.91168824543142,0.5287233440611434,4.055019651010254,Basmati
112,348.0,39.31236680695794,11.418021519836525,0.9568921421275893,376.0,21.049640414216977,0.5878378378378378,88.52691193458118,0.5580054976975485,3.443010397086796,Basmati
113,286.0,39.56305209233772,9.287228340524974,0.9720569884562874,301.0,19.08262324195121,0.8362573099415205,83.79898987322332,0.5117977001051701,4.259941786905754,Basmati
114,294.0,37.7883897269741,9.995650259991718,0.9643811766436544,315.0,19.347672370394786,0.525,82.76955262170047,0.5392820671372065,3.780483384680309,Basmati
115,282.0,36.34201609420783,9.95865311157032,0.9617223167426323,300.0,18.948708441878455,0.7833333333333333,79.21320343559643,0.5647598558765355,3.649290289264557,Basmati
116,327.0,43.2348722565711,10.0216973644423,0.9727642704094654,358.0,20.404639941160397,0.5839285714285715,92.8700576850888,0.476437773117247,4.314126707714356,Basmati
117,318.0,43.85314482756226,9.55363838350031,0.9759810882107331,351.0,20.12188299403865,0.44166666666666665,95.01219330881975,0.4426681714687041,4.590203550439925,Basmati
118,328.0,41.07365182618614,10.337423458367532,0.9678104642299648,353.0,20.43581587980116,0.45555555555555555,89.84062043356593,0.5106675041215067,3.9732968269708886,Basmati
119,231.0,30.97009232645231,9.815846473090629,0.9484435889728682,247.0,17.14987856615383,0.77,68.38477631085024,0.6207303532516761,3.1551117278937055,Basmati
120,285.0,38.49649797706504,9.574544032217954,0.9685774630553866,310.0,19.04923279949934,0.5654761904761905,84.2842712474619,0.5041521827578063,4.020713450951385,Basmati
121,312.0,40.787465890419604,9.895226088758852,0.9701252584502548,335.0,19.931149940667517,0.35944700460829493,88.22539674441619,0.5037061089026534,4.121933700610931,Basmati
122,309.0,41.20140414110561,9.770112320802108,0.971477788858094,336.0,19.83509564693766,0.7022727272727273,88.62741699796952,0.4943472915439809,4.217086026061475,Basmati
123,260.0,32.75500692823355,10.297822217981194,0.949294156986375,272.0,18.19456736586892,0.4513888888888889,72.08326112068522,0.628802644205847,3.1807702866572605,Basmati
124,333.0,43.74669168077777,10.16225007869611,0.9726447655611182,373.0,20.590987552733093,0.4269230769230769,95.25483399593904,0.4611901769466942,4.304823374942057,Basmati
125,251.0,36.866011814005326,8.955178156677169,0.9700484545205117,280.0,17.876888032555495,0.46139705882352944,81.35533905932738,0.4765532840271665,4.116725671897131,Basmati
126,312.0,41.62254926338149,9.798686009778908,0.9718942807834116,332.0,19.931149940667517,0.3466666666666667,89.05382386916237,0.4943782016893451,4.247768447916685,Basmati
127,238.0,39.95669302296506,7.648144023420009,0.9815100059521483,262.0,17.407785949022028,0.4594594594594595,84.5269119345812,0.4185976782121208,5.224364617168609,Basmati
128,342.0,40.33024336749407,10.909458608355166,0.9627190846509825,368.0,20.867389014906145,0.6263736263736264,89.698484809835,0.534153103571257,3.6968143713938812,Basmati
129,320.0,43.03011934476279,9.691358156908182,0.9743073186325014,339.0,20.185060176161283,0.3448275862068966,89.88225099390857,0.4977507943707253,4.44005047054113,Basmati
130,314.0,43.06049950848175,9.38541694086306,0.9759579600743687,338.0,19.994929783493642,0.39348370927318294,92.91168824543142,0.4570869362792556,4.588022011148075,Basmati
131,346.0,44.21958609664165,10.132309185000533,0.97339436446827,377.0,20.98906578384008,0.3793859649122807,97.1543289325507,0.46064000274300254,4.364216023145302,Basmati
132,226.0,36.291767258203876,7.945244511511609,0.975741260533746,239.0,16.96325844612841,0.3343195266272189,75.9827560572969,0.4919129077750347,4.567734473825431,Basmati
133,309.0,42.77076806617667,9.343692235115789,0.9758459550910793,334.0,19.83509564693766,0.34486607142857145,90.22539674441619,0.47699161268045176,4.577501804418823,Basmati
134,276.0,38.30002593049135,9.378449483303598,0.969556434029112,301.0,18.746042631630413,0.4791666666666667,84.18376618407356,0.48939806034952416,4.0838334736116755,Basmati
135,292.0,41.180766230263764,9.272890019331792,0.974318274108044,318.0,19.281751659604673,0.5488721804511278,87.11269837220809,0.48353707881786634,4.440985080639538,Basmati
136,298.0,42.82505316113191,9.076017014223979,0.9772843244047038,320.0,19.47884453275087,0.8075880758807588,88.38477631085024,0.47937037791988496,4.718485332719879,Basmati
137,338.0,43.39904600518847,10.114501256113382,0.9724628013357903,356.0,20.7449985808745,0.3634408602150538,90.46803743153548,0.5189627977135497,4.290774691333132,Basmati
138,300.0,41.52071903716219,9.404775475690489,0.9740093023415238,320.0,19.544100476116796,0.75,87.79898987322332,0.4890486675571714,4.414854894142359,Basmati
139,291.0,37.56442855267884,10.093762005923658,0.9632224291326537,318.0,19.248706645328987,0.4041666666666667,82.32590180780451,0.5395477173999221,3.7215488665805334,Basmati
140,320.0,36.42552281801491,11.386060828235339,0.9498898938165702,342.0,20.185060176161283,0.5536332179930796,82.76955262170047,0.5869736785166874,3.1991329896715737,Basmati
141,292.0,44.193592828535344,8.60096760643557,0.9808786685937269,317.0,19.281751659604673,0.3492822966507177,93.7401153701776,0.4175819789321186,5.138211751369465,Basmati
142,241.0,36.47940089845272,8.517714638914905,0.9723582860152441,258.0,17.517155313611116,0.35650887573964496,76.5685424949238,0.5165663904595095,4.282768611640168,Basmati
143,284.0,36.16326570775393,10.20191911553971,0.9593828769354967,308.0,19.015783725757565,0.46710526315789475,81.01219330881975,0.5437852501004447,3.5447512667170162,Basmati
144,331.0,41.41652797065998,10.400537433703397,0.9679558440587653,356.0,20.529059630371258,0.6895833333333333,88.8700576850888,0.5266558755272566,3.982152675730766,Basmati
145,275.0,38.15509382617051,9.370676360151576,0.9693726856867861,297.0,18.712051592547777,0.6365740740740741,80.8700576850888,0.5284051625682895,4.071754520135122,Basmati
146,284.0,38.689951120937415,9.562280903745085,0.9689768405549003,315.0,19.015783725757565,0.5259259259259259,85.11269837220809,0.4926511322684331,4.046100664725758,Basmati
147,282.0,37.45362815917838,9.657368686958126,0.96618531182059,301.0,18.948708441878455,0.5183823529411765,80.76955262170047,0.5432048234204974,3.8782435851038746,Basmati
148,271.0,37.73467555455359,9.322779172613071,0.9689998445075916,289.0,18.575465448360347,0.3737931034482759,80.5685424949238,0.5246239831580787,4.047577965313639,Basmati
149,281.0,41.54602182303334,8.754357541528941,0.977547602438128,293.0,18.91508160359296,0.3345238095238095,85.63961030678928,0.4814673252444767,4.74575337207182,Basmati
150,337.0,43.586137377302116,10.185484251432255,0.9723120392393042,358.0,20.71428798138497,0.35104166666666664,91.88225099390857,0.5016219271117297,4.279240564450645,Basmati
151,279.0,41.58288221225716,8.682241681952734,0.9779597192366337,307.0,18.847647942942654,0.34191176470588236,89.7401153701776,0.4353522769711229,4.789417725918994,Basmati
152,288.0,37.67048852948667,9.920316981404467,0.9647018503820931,319.0,19.149229459268767,0.6666666666666666,82.04163056034261,0.5376922603397297,3.7973069409071925,Basmati
153,294.0,41.95688091839079,9.077592627465513,0.9763147001660867,326.0,19.347672370394786,0.6125,88.8700576850888,0.4677849770544213,4.622027297352432,Basmati
154,302.0,36.546581346742244,10.746058853550782,0.9557939391617766,329.0,19.60913925979463,0.6990740740740741,82.04163056034261,0.5638300785506888,3.4009288284017063,Basmati
155,240.0,37.818664643336135,8.110589383665843,0.9767327805922533,259.0,17.480774889473267,0.39215686274509803,81.84062043356595,0.45028064501167625,4.662875021080499,Basmati
156,273.0,41.98130397765311,8.350587298767838,0.9800173446264847,295.0,18.643883600599406,0.35454545454545455,88.32590180780451,0.43974038317555436,5.027347475769473,Basmati
157,232.0,39.949116176543086,7.4440270572849725,0.9824857534151475,257.0,17.186959427966244,0.5550239234449761,83.45584412271572,0.418585654588203,5.366600076694717,Basmati
158,343.0,42.919335069269685,10.374442210961849,0.9703461551518728,371.0,20.897874625046462,0.3769230769230769,93.39696961966999,0.4941268047724891,4.137025798256434,Basmati
159,293.0,40.23576142738623,9.466613135040534,0.9719279736878191,318.0,19.314740138231286,0.36352357320099254,85.39696961966999,0.5048851126715095,4.25028052307896,Basmati
160,316.0,38.233809758425465,10.794560234726017,0.9593172792327763,344.0,20.0585068271871,0.5851851851851851,85.11269837220809,0.5481611190029044,3.5419515873770933,Basmati
161,338.0,42.59069238382223,10.24989791649966,0.9706093534727543,368.0,20.7449985808745,0.3912037037037037,92.5685424949238,0.4956780787920412,4.155230884325427,Basmati
162,276.0,40.96933036464672,8.630663045427658,0.9775590555829299,294.0,18.746042631630413,0.3317307692307692,85.63961030678928,0.4729002909874576,4.74695051226121,Basmati
163,251.0,36.912206597234565,8.731988719763372,0.9716166376325226,270.0,17.876888032555495,0.5273109243697479,79.11269837220809,0.5039543406136578,4.227239381756193,Basmati
164,271.0,35.8529511788397,9.912107898867571,0.9610238125686407,290.0,18.575465448360347,0.7742857142857142,77.79898987322332,0.5626408213990584,3.617086450696909,Basmati
165,320.0,42.87278503346508,9.752752353786756,0.9737824737172034,343.0,20.185060176161283,0.7619047619047619,91.79898987322333,0.47718198294260156,4.395967771786866,Basmati
166,255.0,35.76870971989173,9.209139358643123,0.9662880083181361,276.0,18.01877032173579,0.498046875,77.94112549695429,0.5274929975021935,3.8840447871300214,Basmati
167,316.0,39.049870083635334,10.488300999667707,0.9632553332968956,341.0,20.0585068271871,0.656964656964657,84.2842712474619,0.5589897886016377,3.7231835818663597,Basmati
168,306.0,36.953940113427706,10.604307403634305,0.9579425267987906,327.0,19.738573927438622,0.5625,82.5269119345812,0.5645989957212341,3.4848046842515017,Basmati
169,255.0,37.14368081339252,8.93382402422776,0.9706440099129646,272.0,18.01877032173579,0.36324786324786323,79.1543289325507,0.5114470780990521,4.1576463463643405,Basmati
170,249.0,38.18500749997501,8.397897124060636,0.9755164328339284,267.0,17.805522925178455,0.3458333333333333,81.15432893255071,0.4751008739461041,4.546972526082983,Basmati
171,307.0,38.62484665601929,10.29544203196444,0.9638211697049913,332.0,19.77080019204319,0.5016339869281046,86.18376618407356,0.5193944471783963,3.751645294694492,Basmati
172,279.0,39.0132559671763,9.29621451425593,0.9711956454488642,305.0,18.847647942942654,0.7342105263157894,82.62741699796952,0.5135298751027332,4.1966819835481095,Basmati
173,273.0,41.61944473157935,8.59467468627775,0.978445285325204,303.0,18.643883600599406,0.37916666666666665,89.25483399593904,0.4306346961234364,4.8424688834388245,Basmati
174,285.0,38.341136786635225,9.656487141442074,0.9677644373381484,308.0,19.04923279949934,0.4318181818181818,83.25483399593904,0.5166968401529233,3.9705056533539236,Basmati
175,317.0,45.263922434484236,8.99958938562364,0.9800350540463942,341.0,20.090219901261573,0.48323170731707316,94.76955262170047,0.44353864494098516,5.029554182415358,Basmati
176,322.0,40.514583273424684,10.257378344197031,0.9674198599988725,341.0,20.248040236149336,0.3847072879330944,86.8111831820431,0.536925938441128,3.949799053317093,Basmati
177,246.0,35.29250913213358,8.955706519091207,0.9672681100080028,262.0,17.697935698969246,0.38198757763975155,75.74011537017762,0.5388812172480021,3.940784465960251,Basmati
178,342.0,42.15544013619368,10.407106971086094,0.9690474380285661,365.0,20.867389014906145,0.6107142857142858,91.698484809835,0.5111067903487544,4.050639649742575,Basmati
179,273.0,38.396675360942446,9.238890110320709,0.9706201592095957,292.0,18.643883600599406,0.36693548387096775,82.8111831820431,0.5002585633329099,4.155983554566771,Basmati
180,282.0,39.213293052184106,9.41748147297389,0.9707332105178396,311.0,18.948708441878455,0.5444015444015444,84.5269119345812,0.49598548426814315,4.163883217048812,Basmati
181,245.0,37.890810054233285,8.258660940555465,0.9759578211733795,267.0,17.66192765414112,0.601965601965602,81.45584412271572,0.46401439221759305,4.588008918996111,Basmati
182,323.0,40.50963289561032,10.335943729609058,0.9669020632591933,348.0,20.279456919490165,0.4318181818181818,88.08326112068522,0.5231492606991095,3.9192969655556107,Basmati
183,267.0,38.507792644699244,8.931210584361416,0.9727318704307635,284.0,18.437867513470433,0.37083333333333335,80.5685424949238,0.5168804557313912,4.311598330480141,Basmati
184,335.0,44.09033041968849,9.820504974244713,0.9748787939058068,364.0,20.65272978291924,0.4007177033492823,95.7401153701776,0.4592686255743386,4.489619478358795,Basmati
185,302.0,39.16794702134037,10.063815038612978,0.9664273384844696,329.0,19.60913925979463,0.39789196310935443,86.32590180780451,0.5092541292495792,3.8919581561326666,Basmati
186,288.0,36.876961577543184,10.079382353872866,0.9619218469250417,314.0,19.149229459268767,0.4982698961937716,83.39087296526012,0.5204335806384606,3.658652909756292,Basmati
187,283.0,38.97891742685836,9.412160096547499,0.9704087896650079,303.0,18.982275710779543,0.3628205128205128,83.39696961966999,0.511323507604272,4.141335998009248,Basmati
188,245.0,36.33770487557845,8.712140961160625,0.9708334626359366,266.0,17.66192765414112,0.3888888888888889,77.49747468305833,0.5126262562386107,4.170927104781093,Basmati
189,333.0,39.567294364647566,10.885135484691446,0.9614143680299735,361.0,20.590987552733093,0.5138888888888888,87.59797974644665,0.5453381958713891,3.634984095539639,Basmati
190,326.0,41.946760133952836,10.042615377924264,0.9709177288950633,357.0,20.37341629633241,0.5433333333333333,91.35533905932738,0.4908622078712023,4.176876098049164,Basmati
191,331.0,43.779206031772155,10.006293509633483,0.9735291944405817,354.0,20.529059630371258,0.7880952380952381,91.79898987322332,0.4935851136062537,4.375167087555853,Basmati
192,317.0,37.751847927360224,10.887547290719333,0.9575107041912445,339.0,20.090219901261573,0.7337962962962963,82.62741699796952,0.5834730122134998,3.4674336578579386,Basmati
193,377.0,41.60794052269747,11.7220790656838,0.9594946136584123,401.0,21.909160375631842,0.5890625,93.35533905932738,0.543591795197422,3.5495359048126582,Basmati
194,309.0,39.68026025938989,10.25702935227815,0.9660134016797447,334.0,19.83509564693766,0.40234375,86.91168824543142,0.5140578212835432,3.868591859940096,Basmati
195,375.0,44.97012501012927,10.774517040788163,0.9708734738338901,407.0,21.850968611841584,0.5252100840336135,97.59797974644665,0.49472000899974766,4.173748562454329,Basmati
196,263.0,36.539407740179165,9.33343318729755,0.9668263063155459,287.0,18.29923496393627,0.5525210084033614,79.698484809835,0.5203139655284621,3.9148946595458485,Basmati
197,266.0,38.508151002639885,8.92342939282332,0.9727805418720544,276.0,18.403307281560924,0.35185185185185186,81.39696961966999,0.5045160972513374,4.31539818464974,Basmati
198,290.0,40.153951995716184,9.367727191190726,0.9724059417832467,315.0,19.21560480373171,0.4239766081871345,87.25483399593904,0.47866190920625734,4.286413467876859,Basmati
199,305.0,44.781799844394534,8.779475840373975,0.9805938826263614,330.0,19.706294962377495,0.36483253588516745,94.32590180780451,0.4307723023364744,5.100737294413124,Basmati
200,357.0,44.67210458463817,10.374732695701155,0.9726580684292838,390.0,21.320096563347295,0.5930232558139535,97.11269837220809,0.4756922073050932,4.305855957440559,Basmati
201,16594.0,230.86711855146004,92.56142628066121,0.9161089335600358,17039.0,145.35520976330807,0.7609134262655907,563.6467529817257,0.6563672913598384,2.494204420007894,Ipsala
202,13138.0,188.77575237478845,89.84275756028221,0.8794868508243018,13440.0,129.33607825634178,0.5986785144679881,484.21529547664954,0.7041450226681918,2.101179410573242,Ipsala
203,14085.0,194.013875227544,95.20405240739711,0.8713243979465749,14500.0,133.91631337366917,0.5825543882868723,504.54119728445403,0.6953019516911341,2.037874127430206,Ipsala
204,10451.0,166.33336547612862,80.79081923910479,0.8741165370466386,10619.0,115.35435181226232,0.6262583892617449,424.2741699796952,0.7295826989430831,2.0588151852236583,Ipsala
205,9083.0,170.5411149729349,68.2367069090839,0.9164632796270696,9241.0,107.53992181896676,0.7149153876426604,415.56349186104046,0.6609436043651843,2.499257697182803,Ipsala
206,13548.0,191.69977488621066,91.25413063133114,0.879431055381525,13945.0,131.3386818575243,0.6996488328857674,491.88939366884495,0.7036393772458369,2.100724356913577,Ipsala
207,14876.0,208.9519668073596,91.09016720023618,0.899976549812314,15075.0,137.62525737480124,0.7747916666666667,513.0193359837562,0.7102783305830043,2.293902549855215,Ipsala
208,10821.0,174.901200395431,80.30600283752877,0.8883584101616319,11070.0,117.37855474310116,0.6060826705500169,444.17366491630685,0.6892418664192168,2.177934328885509,Ipsala
209,12295.0,181.37520019721737,88.1140350801966,0.8740639823973189,12617.0,125.11786524121496,0.5881649445082281,467.3279938488576,0.707448456415297,2.0584144175458485,Ipsala
210,13068.0,189.05777593849245,89.14966217355517,0.8818408312632519,13319.0,128.99106314237088,0.5907775768535262,479.5290039756343,0.714149652537798,2.120678545819251,Ipsala
211,13659.0,197.75695252256315,89.00030093741067,0.8930039073618992,14017.0,131.87561920816745,0.6876258558195731,499.30360723121805,0.6884927347598091,2.221980717364489,Ipsala
212,11099.0,180.54221952686075,79.47074526673258,0.8979104473714922,11474.0,118.87676689334873,0.6556205328135153,458.91883092036784,0.6622499867634335,2.2718073036926447,Ipsala
213,13727.0,192.46461171028608,92.12772709490633,0.8779929338841262,14125.0,132.2034766206229,0.6234727710405595,498.07315985291854,0.6953432121227079,2.089106263438114,Ipsala
214,12372.0,181.8503048187661,88.15158992869395,0.8746538049815816,12816.0,125.5090420944381,0.7724775224775224,469.2203461105328,0.7061486030595369,2.062927111874729,Ipsala
215,12773.0,185.59488512853048,88.76750332708417,0.8782039348683996,13125.0,127.52681563068307,0.6823183760683761,476.13203435596427,0.7080239885531804,2.0907976249446114,Ipsala
216,13051.0,190.99708738460572,88.02743815164844,0.8874605596069868,13273.0,128.9071343965826,0.5885191197691197,483.5290039756343,0.7014691790875952,2.1697449272074385,Ipsala
217,12236.0,184.77563022553232,85.56284654363719,0.8863251167189754,12544.0,124.81730276439822,0.622792283809233,474.17366491630685,0.6838714481614068,2.1595311246604734,Ipsala
218,12159.0,173.7415813784557,90.96396339819727,0.8519894394294214,12642.0,124.42395116871528,0.636696863381683,466.2741699796952,0.7027890838500809,1.9100045214377601,Ipsala
219,13505.0,195.6957825320709,89.11023507559248,0.8903120972951198,13874.0,131.1300882774368,0.5835709964566589,499.28636328851496,0.6807772643626759,2.196108924705019,Ipsala
220,13969.0,188.92444243242088,95.18472183198132,0.8638061654217468,14224.0,133.36372520444039,0.6364589028613086,490.8010819142764,0.7287258216180471,1.984818979309595,Ipsala
221,13189.0,191.31295712431137,89.45201617884024,0.8839565546470821,13582.0,129.5868679902098,0.7306925207756233,489.26197667087547,0.6923708915712977,2.1387215771841506,Ipsala
222,11575.0,174.49309895470398,85.97406306101908,0.8701949746964065,11856.0,121.39912573947767,0.6092105263157894,453.00209204105306,0.7088109994463997,2.0296016349821637,Ipsala
223,15328.0,197.91500896238455,99.52059821661656,0.8643765245662366,15662.0,139.7004500411526,0.6285573689822029,509.6711395993652,0.7415070277882719,1.9886838755892793,Ipsala
224,13179.0,191.99569126130766,88.6962241488398,0.8868956201598316,13425.0,129.53773180067927,0.5942911255411255,483.18585822512665,0.709355421078472,2.1646433442208606,Ipsala
225,13152.0,195.29435906488362,86.29691306976503,0.8970735599174177,13395.0,129.4049708950814,0.8154761904761905,482.048773235279,0.7112457761652304,2.263051505758981,Ipsala
226,14031.0,195.25983898915197,92.66130804769055,0.8802264736328121,14311.0,133.65935826637457,0.7776854007316262,493.26197667087547,0.7246748857683223,2.1072424197665804,Ipsala
227,12033.0,181.77361566122957,85.2378405873655,0.8832390170269102,12297.0,123.77758860875507,0.7306898226864221,460.0904037956217,0.7143275995854442,2.1325459961050823,Ipsala
228,12585.0,191.87246094735224,84.71796338530653,0.897245164744506,12774.0,126.58483191319576,0.6699137655701054,478.6173157302028,0.6903769301077493,2.2648379786314665,Ipsala
229,11326.0,186.31150169880698,78.28790381937087,0.9074319883072434,11496.0,120.08626517495851,0.8143514524014955,452.14927829866735,0.6961819151775044,2.3798248849358985,Ipsala
230,12421.0,185.0057281328291,86.60110474446088,0.8836757197057543,12664.0,125.7573392894246,0.7856419987349779,467.7056274847714,0.7135447826300467,2.13629755277068,Ipsala
231,12747.0,182.36458731699486,89.56923771753908,0.8710723206009193,13019.0,127.39695630877183,0.7869490060501296,467.8061325481597,0.73195777504351,2.0360180790205047,Ipsala
232,13836.0,187.03419448739368,95.03732055445614,0.861281536235704,14039.0,132.7273232644873,0.623411732900784,483.87214972614186,0.7426072162790432,1.968007866764547,Ipsala
233,17487.0,220.37943314299204,102.40155177249088,0.8854890723792208,17978.0,149.21507939475754,0.5803464755077659,557.8965363437815,0.7060213654866566,2.152110288646961,Ipsala
234,13230.0,194.88576574005248,88.16391484912953,0.8918213992963056,13651.0,129.7881318797917,0.7808995396057136,492.5340546095176,0.6853259563625733,2.2104935570698134,Ipsala
235,11370.0,169.77957300582364,86.87149531744029,0.8591807222238168,11716.0,120.31929863342289,0.6194834913370383,447.00209204105306,0.7150743784787658,1.954376086027136,Ipsala
236,14056.0,190.20243449704685,94.81710198743262,0.8668861059414489,14392.0,133.77838031908388,0.709111088689335,496.47518010647184,0.7165995456085494,2.005992911724479,Ipsala
237,10969.0,177.38214338375684,79.54654375656135,0.8938092730866776,11273.0,118.17852836365834,0.5889395973154362,450.5168106668145,0.679133101082886,2.229916411285004,Ipsala
238,12417.0,179.6692006583111,89.25572014299306,0.8678776073945064,12633.0,125.73708851001966,0.6148247177658942,463.144227664784,0.7274347334434726,2.012971273667057,Ipsala
239,14307.0,185.66044999883152,99.91579439864698,0.8428400619649945,14615.0,134.96754486366703,0.6626679018063919,499.78888860545663,0.7197559239134714,1.858169182522615,Ipsala
240,14666.0,193.0780662831488,97.80304682782732,0.8622125583418027,15000.0,136.65039759578417,0.7015546519971299,504.71782079359116,0.7234762288831463,1.9741518546251817,Ipsala
241,16138.0,212.16784132958716,98.43403204741388,0.8858644430677386,16495.0,143.34413058418562,0.593963930806036,538.98484809835,0.6980820357623007,2.155431784277513,Ipsala
242,16422.0,213.37777482822213,98.40385074191647,0.8873107716973199,16686.0,144.59993016471634,0.682005066655592,542.2741699796952,0.7017752947212476,2.168388464673476,Ipsala
243,13341.0,186.96617450273354,91.8578667550749,0.8709862397976884,13585.0,130.33145731676527,0.7186489980607628,484.3330444827409,0.7146773971668338,2.0353855484283185,Ipsala
244,14531.0,196.29262466213575,95.69824404697145,0.8731070871369112,14904.0,136.0200125883932,0.7450648618161309,503.64675298172574,0.7198686987146083,2.05116224040422,Ipsala
245,17092.0,210.78576135659821,103.91423823989753,0.8700377564977196,17345.0,147.52020301847946,0.6200616724106657,537.1269837220809,0.7444727517761649,2.0284588996358317,Ipsala
246,13085.0,192.91939234100397,87.97742895979907,0.889963344895145,13444.0,129.07493731495515,0.7738024837374334,486.04877323527904,0.696023476440172,2.192828258588435,Ipsala
247,14189.0,194.13268770059753,93.68367958782233,0.875854373197598,14446.0,134.4098058187989,0.7113350378503033,501.50461735799473,0.7089437544378784,2.0722145901475915,Ipsala
248,15888.0,209.09998783986114,97.48923650513633,0.8846621604349056,16249.0,142.2294972456567,0.633240334794739,538.9015869776647,0.687480161190078,2.1448520404490443,Ipsala
249,14729.0,204.86440771889818,92.97084543463401,0.8910951676698807,15115.0,136.94358420314626,0.612076130319149,527.2447327281723,0.6658227446825682,2.2035338794776727,Ipsala
250,13138.0,194.63033297534483,86.63644890192946,0.8954643016215319,13341.0,129.33607825634178,0.7202850877192982,485.0609665440988,0.7016919042823045,2.246517896822642,Ipsala
251,14933.0,193.30571681968505,99.37475451996411,0.8577417718479913,15302.0,137.8886729268586,0.6511861154718298,510.6589462905455,0.719606437106992,1.9452195656075857,Ipsala
252,14249.0,195.38083939700047,94.33578008411419,0.8757139641187068,14696.0,134.69369054611033,0.7456305599162742,505.26197667087547,0.7013923373488506,2.0711212566725985,Ipsala
253,15608.0,201.194684920609,99.92097211754415,0.8679576423600182,15962.0,140.97064522171422,0.6253205128205128,524.8010819142764,0.7121437662004328,2.0135381057334927,Ipsala
254,14109.0,199.36326980727614,90.97021386942,0.8898240607855489,14381.0,134.03035751899048,0.7657946157186278,503.3624817342637,0.6997524265833847,2.1915224921142338,Ipsala
255,15845.0,218.66924364727282,93.18921177788543,0.9046453791230916,16163.0,142.0368986789301,0.8061151811151811,541.9482681718907,0.6779324804757226,2.3465081362472135,Ipsala
256,15237.0,200.47547948439978,98.54189245081228,0.8708545050378231,15824.0,139.2851425785596,0.781504846899523,522.5340546095176,0.7012617197956347,2.0344188090813073,Ipsala
257,13922.0,197.22906434550228,90.82319112039332,0.8876617898184475,14303.0,133.13917883854825,0.6316696914700545,504.3158005400378,0.687869959174346,2.171571620777556,Ipsala
258,13439.0,192.83832612723958,90.02078359833222,0.8843523653042347,13772.0,130.80927429542544,0.6910222130810366,494.2325394193526,0.6913757578743916,2.142153383019566,Ipsala
259,16401.0,205.37317966941103,102.77457306265872,0.8657779217885379,16805.0,144.5074453901992,0.6183922781087399,540.4579361637687,0.7055964639565205,1.998287840555668,Ipsala
260,15701.0,205.27371533611344,98.74386110193902,0.8767013389060883,16103.0,141.3900070439449,0.6339995962043206,528.7005768508881,0.7058584353580352,2.078850401891794,Ipsala
261,15465.0,210.3878848240129,95.10760251069094,0.8919883618758065,15885.0,140.32337495702308,0.688741426917253,534.6173157302028,0.6799449401842607,2.2121037569038022,Ipsala
262,12427.0,192.800890460281,82.97244912423365,0.9026606570887254,12822.0,125.78770934564261,0.7575129533678756,481.7056274847714,0.6729963711096677,2.323673610882602,Ipsala
263,14787.0,205.10429866361025,93.26200163538951,0.8906419788996887,15197.0,137.2129481790944,0.6055282555282555,520.842712474619,0.684978204742433,2.1992268562438904,Ipsala
264,15704.0,204.48785914755524,99.98731997135917,0.8723036400375683,16271.0,141.40351413780704,0.7062421298794748,532.9604614807104,0.6947525793546356,2.0451379155489886,Ipsala
265,13679.0,197.17424567357833,89.2170241261516,0.8917755250260123,14071.0,131.97213240844556,0.5899426402725665,501.28636328851496,0.6840572224211857,2.210051810232728,Ipsala
266,15735.0,207.80394171899368,98.00080135361549,0.8818113976547759,16235.0,141.543011966002,0.7345938375350141,535.5046173579947,0.6895252454571651,2.1204310459582514,Ipsala
267,15433.0,196.03541450908077,101.59596831401957,0.8552272722174211,15813.0,140.1781220230096,0.6588541666666666,516.6589462905454,0.7265279263988574,1.9295589949313883,Ipsala
268,11375.0,176.52711847059777,83.91338134073841,0.8797930613948463,11645.0,120.34575115625178,0.6839225589225589,455.60512242138304,0.6886270414129801,2.1036825789893068,Ipsala
269,14486.0,195.35708190136893,95.63600920891946,0.8719782457686494,14731.0,135.80923401975863,0.701467241295821,506.3746750430836,0.7099281382105255,2.0427147004284345,Ipsala
270,15547.0,201.93146958279792,99.93702527651286,0.8689467171632362,15952.0,140.69490112295318,0.7621078431372549,521.5046173579947,0.7183566998322138,2.020587155001658,Ipsala
271,11199.0,173.78628939106167,83.27301926915862,0.8777226082156313,11467.0,119.41109521936849,0.58328125,443.87214972614186,0.7142879366998729,2.0869459389882596,Ipsala
272,12867.0,193.83229647208933,85.89114056915605,0.8964618636500332,13154.0,127.99520780914939,0.7360983981693364,486.19090885900994,0.684027398040595,2.25672048581103,Ipsala
273,14632.0,209.65912417962457,89.64539010763941,0.9039789977100022,14864.0,136.49190825307156,0.6178010471204188,520.5584412271571,0.678538618071239,2.3387607988306116,Ipsala
274,14127.0,194.74546840306297,93.59658532754882,0.876934545396102,14506.0,134.11582698724877,0.7704935914916826,497.60512242138304,0.7169520723094688,2.0806898854433147,Ipsala
275,11746.0,188.48040328875686,80.76484793095678,0.9035392770994056,12134.0,122.29256597381224,0.5978520893775131,475.8305191657993,0.6519214535926767,2.333693532734471,Ipsala
276,14512.0,208.76427784319714,89.15105179011456,0.9042319325081803,14750.0,135.93105705907197,0.644863135442588,516.4163056034262,0.6838128234860485,2.341691697981131,Ipsala
277,14286.0,198.48112930598538,93.09099944764631,0.8831892033498463,14662.0,134.8684549332665,0.6025051663784742,506.98484809834997,0.6984423254866683,2.132119436719655,Ipsala
278,11591.0,194.7004851357908,76.54979757272993,0.9194670971218458,11773.0,121.48300112783382,0.7821187584345479,466.97770542341357,0.6679415747530066,2.543448726311862,Ipsala
279,12742.0,187.99644220998448,86.97799830661238,0.8865370091818049,12987.0,127.3719681838019,0.6031715976331361,472.9432175380074,0.7158622506083175,2.1614252554682247,Ipsala
280,15994.0,214.32333097278894,95.48982183429976,0.895261557467368,16185.0,142.70316492108432,0.5825320512820513,526.6833329081849,0.7245490733896401,2.2444625705208345,Ipsala
281,15811.0,206.63635585618212,99.04281350620784,0.8776458249136952,16322.0,141.88442635401412,0.6914633079681624,537.1025971044414,0.6887390352931146,2.086333662595626,Ipsala
282,14289.0,210.87901494909886,87.62921683562601,0.9095737117079417,14694.0,134.8826150944618,0.7513013302486987,520.6761902332486,0.6623328009541394,2.406492064680477,Ipsala
283,14855.0,196.86746572089223,97.73094837005674,0.8680766624485391,15293.0,137.52808235789826,0.7854801184433164,505.84776310850236,0.7295294904082874,2.0143820253893026,Ipsala
284,14172.0,203.62273707617481,89.41832010360976,0.898420009327262,14464.0,134.32926273893833,0.6342642320085929,511.7300141024109,0.6800787854606982,2.2771926025923483,Ipsala
285,14840.0,198.9289367212535,96.48733909036392,0.8744951789175677,15209.0,137.45862957220916,0.7571428571428571,505.9898987322333,0.728383452835611,2.061710257497611,Ipsala
286,16057.0,206.79471232956493,99.75515461952804,0.8759580117138703,16391.0,142.98394095076728,0.6076442762535478,528.2985565973347,0.7229619208378257,2.0730228239161375,Ipsala
287,14884.0,202.53621810492402,95.30593377990962,0.8823667066080244,15357.0,137.66225838565254,0.7259425449934156,519.6467529817257,0.6926488053373326,2.1251165596115107,Ipsala
288,13504.0,191.0252867919277,91.56930408229596,0.8776200135731936,13870.0,131.12523331572623,0.5960188904091451,489.4284989122459,0.708424846539667,2.086127973848614,Ipsala
289,14028.0,199.49661897103974,90.70401317094688,0.8906628270570471,14391.0,133.64506849691412,0.6066162162162162,513.7300141024109,0.6679373696184647,2.1994243914550395,Ipsala
290,13569.0,194.71953873109547,90.18335663609442,0.8862825868537867,14096.0,131.4404328298999,0.6621608432559047,502.13203435596427,0.6762726888576549,2.1591515995221022,Ipsala
291,14161.0,201.42350941729651,90.91207996710212,0.8923480622983888,14523.0,134.27712088436598,0.6282608695652174,513.144227664784,0.6758104313846404,2.2155857559323757,Ipsala
292,12833.0,184.2684941486788,90.11849417905724,0.8722497060723552,13221.0,127.82598748918916,0.6001215862326973,476.2152954766495,0.7111011445273373,2.044735609791194,Ipsala
293,13181.0,198.34197452205046,86.3645865004234,0.9002212737816032,13506.0,129.5475605295375,0.5650291495198903,491.2274887854693,0.6864246970707831,2.296566018075917,Ipsala
294,13083.0,201.24407202855016,84.96414526289199,0.9065052584689082,13465.0,129.06507259429304,0.7188461538461538,499.5046173579948,0.6589283468375302,2.368576431927496,Ipsala
295,15645.0,211.20514883093284,95.5545003004063,0.8918024293146826,16075.0,141.13763735227263,0.7760416666666666,528.9188309203678,0.7027605480226705,2.2103108505297135,Ipsala
296,13123.0,190.64252714611555,88.28740724150747,0.8863036986449686,13320.0,129.262223969571,0.6008699633699633,479.04372260139564,0.7186090557415555,2.1593399682088164,Ipsala
297,14474.0,196.2417454645386,95.52392692808853,0.8735320707116934,14783.0,135.7529711295364,0.7277023629964806,505.0609665440988,0.7130349559144655,2.0543726768296655,Ipsala
298,12931.0,199.14272544887677,83.2267209088315,0.9084815382770298,13239.0,128.31313476402323,0.5888433515482696,492.21529547664943,0.6707053419615503,2.3927738985057743,Ipsala
299,14925.0,196.6386134905979,97.7817721834433,0.867597916006277,15322.0,137.851732688321,0.7810455806164635,504.91883092036784,0.7356666487249139,2.01099457597981,Ipsala
300,14801.0,195.27573679165468,99.1237281525064,0.8615875280052131,15409.0,137.27788788302777,0.636848672604449,517.8305191657992,0.6936264365341835,1.9700200994378865,Ipsala
301,5205.0,139.85242196581825,48.10940715004113,0.9389691922746554,5316.0,81.40768901244232,0.8199432892249527,324.16652224137044,0.6224353854064244,2.906966230734329,Jasmine
302,5457.0,147.89893309735194,47.90515890200007,0.9460897146566266,5611.0,83.3550730047055,0.5863958736299162,347.90663761154804,0.5665501887753444,3.0873278888378155,Jasmine
303,5385.0,139.2784389199986,50.01266318420869,0.9333052336553329,5482.0,82.80335106986222,0.5016301816488123,325.88939366884495,0.6371697059131015,2.7848634736167224,Jasmine
304,5360.0,138.04254854827894,50.624543437215756,0.9303268492966829,5523.0,82.61091913167697,0.4941002949852507,326.13203435596427,0.6332682794486628,2.726790982707399,Jasmine
305,5359.0,139.3008713073699,49.86174991563334,0.9337434985618659,5499.0,82.60321252975417,0.5681721798134012,335.22034611053283,0.5992842731417556,2.793742127844863,Jasmine
306,5070.0,140.37682491815664,46.62931754788945,0.9432186628720697,5211.0,80.34503402082343,0.7006633499170812,325.7228714274745,0.600511479648191,3.0104842253800137,Jasmine
307,5610.0,150.31067794829002,49.00871036063385,0.9453527232719016,5830.0,84.51552428970824,0.45183634020618557,358.2741699796952,0.5492141630165829,3.0670196551229143,Jasmine
308,5014.0,143.9683902192038,44.98731137147075,0.9499241816906009,5175.0,79.90008183539054,0.5074898785425102,335.9482681718907,0.5582765427827306,3.2001999192710833,Jasmine
309,5271.0,145.35983636788643,47.20160993807391,0.9458093337877356,5464.0,81.92219259943573,0.7476595744680851,336.40916292848976,0.5852848026870852,3.079552510149359,Jasmine
310,5331.0,150.0767698137197,46.39578862892366,0.9510142532317621,5502.0,82.38713499681339,0.46356521739130435,345.88939366884495,0.5599433051637763,3.2347067319847245,Jasmine
311,5015.0,152.21635692959327,42.673888450055834,0.9598977845242688,5158.0,79.90804913678497,0.5479676573426573,349.0782104868019,0.5171723758576933,3.5669671187274736,Jasmine
312,5212.0,136.38829421978497,50.06125978409284,0.9302013974790981,5386.0,81.46241162130954,0.49704367728399773,320.47518010647184,0.6377132939400354,2.7244279270639304,Jasmine
313,5017.0,145.4671208891043,44.89040819113639,0.9511935671876924,5156.0,79.92398135688882,0.4922971249141399,337.60512242138304,0.5531410759056382,3.2404945009572623,Jasmine
314,5024.0,142.63597242603805,45.58974882861437,0.9475447676589367,5220.0,79.97971913397457,0.5164473684210527,336.048773235279,0.5590554249200295,3.1286851998735448,Jasmine
315,5028.0,141.59713351662148,46.200872190465965,0.9452718038978538,5189.0,80.01155185926841,0.5435675675675675,329.56349186104046,0.5817373410528014,3.0648151604774583,Jasmine
316,5051.0,150.2238758114696,43.676203117599385,0.9568018672678678,5220.0,80.1943448159364,0.470210389126792,347.747258045114,0.5248797331133576,3.4394902736162223,Jasmine
317,5103.0,151.1874121827282,43.63526544066393,0.9574446179231747,5312.0,80.60608783946493,0.685334407735697,343.7228714274745,0.542773417720676,3.464798727724385,Jasmine
318,5018.0,143.6853670208435,45.19665700205445,0.9492399262345215,5152.0,79.93194627607316,0.5105820105820106,333.1198410471445,0.5682500986596106,3.1791149291044283,Jasmine
319,5227.0,144.99389385398595,46.577094434622225,0.9469995560818993,5360.0,81.57955074852212,0.47622084548104954,330.4751801064719,0.6014294195199265,3.112987094064146,Jasmine
320,5403.0,150.12465197881139,46.64148033322853,0.9505129241879583,5581.0,82.941625618287,0.6537205081669691,348.45079348883235,0.5591932441894119,3.218693980256431,Jasmine
321,5071.0,138.08882874716753,47.60564217001826,0.9386958196872294,5220.0,80.35295720352805,0.5602076889085285,326.14927829866735,0.5990604258134237,2.9006819875257355,Jasmine
322,5489.0,149.3125003634773,48.226622105309,0.9464019714057853,5668.0,83.59911399680806,0.4566935685165155,346.17366491630685,0.575592389332969,3.096059683330804,Jasmine
323,5010.0,134.4970127675156,48.08065347791173,0.9339189118695277,5154.0,79.86820468198322,0.6030332209918151,319.4213562373095,0.6170490545679074,2.7973208148949884,Jasmine
324,5833.0,154.6700017003251,49.15461836054132,0.948156705880904,6038.0,86.1789200700508,0.5071291949226222,366.0904037956217,0.5469216941697396,3.1466016187094605,Jasmine
325,5195.0,146.88466116462467,45.77437856123823,0.9502019383318431,5326.0,81.32944998522473,0.5150193318132249,340.5340546095176,0.5629558248645127,3.2088837856775774,Jasmine
326,5028.0,144.12347791899214,45.865914021850806,0.9480100444898437,5224.0,80.01155185926841,0.7196221554315156,331.58073580374355,0.5746806193525736,3.142278552441598,Jasmine
327,5026.0,145.17289189059065,44.971469657280046,0.9508086859698851,5189.0,79.99563708002411,0.6600998161281849,336.2081528017131,0.558747852757743,3.2281109111382986,Jasmine
328,5002.0,146.01803366758506,45.390536768074156,0.9504571212389503,5221.0,79.80441217605255,0.4884765625,339.9482681718907,0.5439110542073567,3.2169267883672212,Jasmine
329,5060.0,139.80053691092104,47.23537505570013,0.9411903026593961,5240.0,80.26575917762146,0.5853094274146906,331.6639969244288,0.5780477572533615,2.959657602931441,Jasmine
330,5302.0,129.66538633711426,52.976652338979406,0.9127295241093558,5442.0,82.16274135023632,0.5355555555555556,314.33304448274095,0.6743253858443375,2.447594942531098,Jasmine
331,5738.0,145.5232918039836,51.17118857003873,0.9361369105007269,5892.0,85.47425640326077,0.5312962962962963,351.01933598375615,0.5852054031203783,2.8438520947154435,Jasmine
332,5044.0,143.614928867948,45.486262657364435,0.9485178170658614,5159.0,80.13875631455832,0.4608918128654971,328.9604614807105,0.585730093215571,3.157325321487939,Jasmine
333,5004.0,152.72454581008716,42.77693774887068,0.9599731346330251,5250.0,79.82036508219412,0.634703196347032,349.1370849898476,0.5158639768867057,3.570254296992522,Jasmine
334,5193.0,148.65971887925727,45.64144270235573,0.9517032020165752,5370.0,81.3137931461182,0.6935096153846154,341.7228714274745,0.5588304890626106,3.2571213808625807,Jasmine
335,5319.0,144.69309254401077,47.80371931092518,0.9438479672548228,5485.0,82.29435666220576,0.4518348623853211,336.7594513539338,0.5893866136014521,3.0268166291182754,Jasmine
336,5757.0,149.48745680535973,50.32650470706166,0.9416261388754745,5941.0,85.6156531192768,0.4691166883963494,348.07315985291854,0.5971246803194105,2.9703524549437685,Jasmine
337,5237.0,143.80163394050666,46.894183464315894,0.9453341501599132,5439.0,81.65755014558083,0.72979375696767,330.3086578651014,0.6031877643203437,3.066513228659423,Jasmine
338,5094.0,145.99545894687344,45.176628660866236,0.950919428920893,5224.0,80.53497526466944,0.47768192048012004,336.23253941935263,0.566225368837859,3.231659007643933,Jasmine
339,5527.0,137.46630303040962,52.330792462605125,0.9247064786896517,5698.0,83.88799058119848,0.705874840357599,332.2081528017131,0.6293304650250815,2.626872182924445,Jasmine
340,5316.0,145.4771424590125,48.08214369860185,0.9438013023018269,5546.0,82.27114573051797,0.5127314814814815,347.2203461105328,0.5540953492782573,3.0255960169105927,Jasmine
341,5131.0,144.55592494672263,45.64253304466964,0.9488447223478909,5268.0,80.8269268501291,0.6639492753623188,333.03657992645924,0.581337050355515,3.167131955740668,Jasmine
342,5611.0,149.44404185824746,48.547080274921946,0.9457651297813534,5817.0,84.52305653198421,0.4577792281961328,349.78888860545663,0.576286058944751,3.0783322294965294,Jasmine
343,5277.0,150.1162598372833,45.33128189504557,0.9533160041710657,5490.0,81.96880551507051,0.5666272951787823,346.49242404917493,0.552343784820897,3.3115379394044906,Jasmine
344,5411.0,149.27502481860816,46.87270115774431,0.9494222219115572,5580.0,83.00300703325131,0.45287914295279547,349.30360723121805,0.5572900085040894,3.1846900462646994,Jasmine
345,5133.0,139.27320659123367,47.63665295820754,0.9396863201257684,5246.0,80.84267798091297,0.7227541537595044,325.4802307403552,0.6088802648930505,2.923656427193163,Jasmine
346,5027.0,147.53326423488218,44.18006104745173,0.9541093880387602,5229.0,80.00359486537879,0.7080281690140845,336.651803615609,0.5573870292097008,3.3393630687024998,Jasmine
347,5314.0,142.5731540204834,48.393337183775195,0.9406319968434895,5466.0,82.25566813735486,0.473998751226474,338.4751801064719,0.5828781266416578,2.9461318916498245,Jasmine
348,5139.0,139.16703373689774,47.98583523118084,0.9386734238464535,5354.0,80.88991297061706,0.5642292490118577,336.492424049175,0.5703453435370797,2.900169040852039,Jasmine
349,5115.0,144.42574439081218,45.529199115934766,0.9490109990781842,5259.0,80.70080712929925,0.5655683325961963,332.97770542341357,0.579729218702721,3.172156488477844,Jasmine
350,5201.0,136.01162214257715,49.39438391465588,0.9317256362027097,5320.0,81.37640242826897,0.4999038831218762,318.4751801064719,0.6443851656797813,2.753584747156264,Jasmine
351,5410.0,144.24572470995508,48.25560291423053,0.9423824418641027,5575.0,82.99533683898892,0.4982501381469884,345.3624817342638,0.5699763242033513,2.989201584867509,Jasmine
352,5011.0,135.44431923379707,47.90442233470611,0.9353651555619696,5171.0,79.87617516298525,0.5015513962566309,328.63455967290594,0.5830526877870666,2.8273865466418426,Jasmine
353,5722.0,153.00820334914087,48.26837761832005,0.9489379846173115,5905.0,85.3550038074781,0.5040521494009866,361.7056274847714,0.5496005848383331,3.169947093706901,Jasmine
354,5200.0,142.47462186450383,47.46235717108117,0.9428814358200489,5376.0,81.36857890256438,0.46745774901114706,340.6761902332485,0.5630275469250188,3.0018446271209145,Jasmine
355,5496.0,151.42700676721284,46.763152498488296,0.9511216498045258,5623.0,83.65240306090708,0.8239880059970015,341.9238815542511,0.5907418218997773,3.238169342242442,Jasmine
356,5577.0,146.54082375979806,49.16505119123357,0.942038736229068,5758.0,84.26658258757146,0.4673202614379085,344.3746750430835,0.590946406028166,2.9805892643090988,Jasmine
357,5360.0,145.54462078973074,47.65101383939263,0.9448865366923632,5560.0,82.61091913167697,0.7549295774647887,337.237590053236,0.5922467681572912,3.0543866554505588,Jasmine
358,5212.0,138.8234149802225,48.3823904345553,0.9373022712304804,5380.0,81.46241162130954,0.6773229369720598,330.79393923934,0.598548274733912,2.8692963231736712,Jasmine
359,5454.0,145.31573839667695,48.37813268531734,0.9429560054639908,5596.0,83.33215752028491,0.5520242914979757,343.56349186104046,0.5806453887598909,3.003748394794493,Jasmine
360,5678.0,148.59859639370194,50.074037029814185,0.9415135346584735,5877.0,85.02619675727153,0.4967629046369204,353.2619766708754,0.5717569637472523,2.967577715078695,Jasmine
361,5299.0,144.7475732084023,47.15914306776699,0.9454377994577166,5448.0,82.13949322677628,0.49518736566676014,336.5756851698602,0.5878118086140686,3.069342735944166,Jasmine
362,5429.0,147.01061730837986,48.06763483397402,0.9450357227071333,5593.0,83.14094952769783,0.4695554402352534,342.71782079359116,0.5808397507268986,3.058411711251358,Jasmine
363,5030.0,134.763192491547,48.38451876680287,0.9333246216933091,5170.0,80.0274634735968,0.5288057190916736,320.53405460951757,0.6152186532438716,2.7852543732233923,Jasmine
364,5051.0,141.8638178243066,46.420269856730634,0.9449491820101348,5204.0,80.1943448159364,0.762530193236715,326.99494936611666,0.5936153778449544,3.0560748195163128,Jasmine
365,5583.0,154.11222321763316,47.208242029457075,0.9519273758067042,5784.0,84.31189938707593,0.4414136622390892,357.78888860545663,0.5480545575715925,3.264519426956631,Jasmine
366,6073.0,145.5213746245433,53.7278082580794,0.9293463716630539,6222.0,87.93397383933382,0.591333982473223,348.97770542341357,0.6266395181658498,2.7084926659493935,Jasmine
367,5696.0,148.6289399376639,49.730685126005895,0.9423615830304657,5882.0,85.16086217747849,0.5115401885945218,351.26197667087547,0.5801196320013515,2.988676700533544,Jasmine
368,5413.0,146.83029806878488,47.57004284784569,0.9460640165507188,5582.0,83.01834529579251,0.4659951790633609,342.13203435596427,0.5811127598255836,3.086612693169655,Jasmine
369,5373.0,156.953640131307,44.47284559668869,0.9590165082874872,5538.0,82.7110396129926,0.43386627906976744,358.71782079359116,0.5247117618903611,3.5292016516027314,Jasmine
370,5921.0,146.74122626241635,51.819351487352016,0.9355726632287978,6138.0,86.82655898040011,0.5297959914101646,350.3330444827409,0.6062373906275554,2.8317843054873566,Jasmine
371,5503.0,141.37923301758266,51.00391874809979,0.9326588308140258,5658.0,83.70565819989471,0.49469615246314275,341.84776310850236,0.5917576649382972,2.7719288338574946,Jasmine
372,5676.0,149.67760793884335,49.636514960828464,0.9434120442324948,5864.0,85.01122076477189,0.4670067467500411,351.30360723121805,0.5779456940466473,3.0154737506644875,Jasmine
373,5162.0,134.84109406055362,49.478612666425285,0.9302445478347758,5318.0,81.07072548042795,0.52046783625731,325.9482681718907,0.6105630363464782,2.7252399934821288,Jasmine
374,5810.0,144.86039252365526,51.66564171615643,0.9342349563394869,5955.0,86.00884695722468,0.5258394424834827,345.1614716074871,0.6128319123943863,2.803805153906678,Jasmine
375,5609.0,149.30646706748215,48.47488808440207,0.9458283754904834,5770.0,84.5079913760795,0.6225996225996226,350.5929291125633,0.5734413398266391,3.0800786338591877,Jasmine
376,5403.0,139.99446758251864,49.72201908805967,0.9348012287567111,5554.0,82.941625618287,0.6065334530758868,334.8355697996826,0.6055941304679101,2.8155426941649915,Jasmine
377,5051.0,141.78296038376948,47.52982867844607,0.9421365043983526,5293.0,80.1943448159364,0.7844385774188538,325.58073580374355,0.5987835102102189,2.983031168552592,Jasmine
378,5345.0,152.75311378560775,45.22522500457387,0.9551670349002289,5477.0,82.49524450905909,0.43984529295589203,348.2741699796952,0.5537516608855562,3.3776087077545554,Jasmine
379,5216.0,150.97607571019464,45.57333806623739,0.9533528940640044,5458.0,81.49366518532965,0.6423645320197044,348.2081528017131,0.5405919523240155,3.3128158286488114,Jasmine
380,5545.0,143.6472566348999,49.98287119048647,0.937511003628015,5703.0,84.02448021592564,0.622334455667789,340.0071426749364,0.602747382961986,2.8739296725763346,Jasmine
381,5406.0,141.45672259936313,49.23808461560967,0.9374652831199766,5541.0,82.96464897074108,0.5707347972972973,335.56349186104046,0.6033044037151715,2.872912780902893,Jasmine
382,5814.0,153.6274471837379,49.051964540002075,0.9476564925789392,5939.0,86.0384490393117,0.45532148171352493,346.65894629054543,0.6079670833435934,3.1319326070713047,Jasmine
383,5408.0,142.8187380155187,48.644539907218935,0.9402070842771529,5539.0,82.979994323498,0.48985507246376814,338.5756851698602,0.5928366096363077,2.935966467930847,Jasmine
384,5379.0,152.27966563237277,45.58774069724275,0.9541375577583843,5582.0,82.75720821252031,0.5901909150757078,354.24978336205567,0.5386320873965896,3.3403643897093365,Jasmine
385,5676.0,140.5682238890318,52.40800864462325,0.9278997873234387,5818.0,85.01122076477189,0.49117341640706125,336.9604614807105,0.6281948363142352,2.6821897554287872,Jasmine
386,5001.0,139.99058973856816,45.991454190916386,0.9444926766836025,5162.0,79.79643452699217,0.6887481063214433,327.9655121145938,0.5842656640831836,3.0438391697172564,Jasmine
387,5687.0,150.79217105120847,48.899248766293674,0.9459603152411584,5854.0,85.09355610684554,0.45951842275371685,353.20310216782974,0.572854163183526,3.0837318538756313,Jasmine
388,5220.0,143.73074468465288,46.588316683976984,0.9460104742069377,5385.0,81.52490676791695,0.564935064935065,336.14927829866735,0.5805184147905992,3.085124231030349,Jasmine
389,5628.0,148.60362322673964,49.02311543379885,0.9440187530705831,5793.0,84.65100210729638,0.45379777455249154,351.2031021678297,0.5733862392467356,3.0312970098241716,Jasmine
390,5091.0,144.9988317003674,45.986810423844325,0.9483743945785935,5254.0,80.51125711505637,0.447167325428195,333.78888860545663,0.5742079619017493,3.153052589730924,Jasmine
391,5364.0,140.8208167086964,49.22875429342435,0.9369048933416365,5518.0,82.64173835271988,0.8028738212842389,323.09545442950497,0.6457091447869497,2.860539916759712,Jasmine
392,5538.0,148.69619791465786,48.26834541359177,0.9458477842046952,5741.0,83.97142727584979,0.4955261274158912,345.747258045114,0.5821639735623968,3.080615186630923,Jasmine
393,5341.0,145.65872558502696,47.389093385868954,0.9455959623724789,5458.0,82.46437053922442,0.7336538461538461,333.7228714274745,0.6026435303822348,3.073676138916412,Jasmine
394,5014.0,140.3331595606908,46.81517699212581,0.9427146300834461,5206.0,79.90008183539054,0.6732008592910849,329.1370849898476,0.5816216400422722,2.99759967978535,Jasmine
395,6220.0,159.39351670010305,50.42137041003623,0.9486483368087366,6403.0,88.99185338137819,0.5027887802117856,372.3330444827409,0.5638155970509189,3.1612293637377262,Jasmine
396,5594.0,151.68799380758077,47.60363828851128,0.9494805072673983,5799.0,84.39491698703483,0.5627766599597586,356.73506473629425,0.5523835369556048,3.1864790016310445,Jasmine
397,5666.0,142.12237878155256,51.779755811245124,0.9312690610327145,5878.0,84.93630119371477,0.5270697674418605,344.77669529663683,0.5989776656888411,2.7447479532278427,Jasmine
398,5646.0,144.4084079854833,50.64690324429685,0.9364804043230063,5831.0,84.78626344859602,0.6486672794117647,342.69343417595167,0.60414219690958,2.8512781381504224,Jasmine
399,5243.0,147.49108139547928,46.33010217324913,0.9493828300523194,5415.0,81.70431404183293,0.5102676399026764,348.53405460951757,0.542374527159673,3.183482756932926,Jasmine
400,5117.0,146.86120911891157,44.97369512439446,0.9519567074932588,5286.0,80.71658287124045,0.451393789696542,332.9604614807104,0.5800159699041496,3.265491276905368,Jasmine
401,7330.0,122.14834208614917,77.13548888521419,0.7753838052864896,7454.0,96.60665537585257,0.6868440779610195,337.60512242138304,0.8081570831948032,1.5835556869020289,Karacadag
402,7067.0,118.02954319809511,76.71878774624193,0.7599372174986286,7189.0,94.85770323301843,0.7112520128824477,328.63455967290594,0.8222776580704849,1.5384698672311437,Karacadag
403,6694.0,118.29894989811234,73.49303711644312,0.7836136713299143,6915.0,92.32045013136135,0.7437777777777778,328.5929291125633,0.7790747778908537,1.609662010711005,Karacadag
404,6785.0,115.03681783171304,75.41730492947524,0.7551146487416267,6877.0,92.9458461203516,0.7192071231715074,316.8772003600252,0.8491369338499205,1.5253371615345719,Karacadag
405,7687.0,124.37714967892855,79.1868381662216,0.7711387775768792,7799.0,98.93125077739185,0.703937728937729,340.19090885901,0.8346825575362057,1.5706795795766926,Karacadag
406,6660.0,119.00061007920743,71.6611795670355,0.7983515251074013,6781.0,92.08569578352646,0.7027540360873694,322.8772003600252,0.802803644706742,1.6606007715500724,Karacadag
407,6663.0,118.6135121614915,72.32416966923843,0.7925965235635585,6806.0,92.1064334700372,0.7152979066022545,326.49242404917493,0.7854769780968203,1.6400259097885126,Karacadag
408,6512.0,118.31936747965167,71.1541717961471,0.7989677780566112,6711.0,91.05677303372539,0.6901960784313725,325.56349186104046,0.7720632134794464,1.6628591759683515,Karacadag
409,7190.0,126.82429608241051,72.78008071805391,0.8189496044111508,7306.0,95.67963381329288,0.7166351041562843,340.8772003600252,0.777575996760985,1.7425687747410032,Karacadag
410,6610.0,114.15967114324822,74.80264473443366,0.7554157432559319,6784.0,91.73937753603643,0.710294433698689,321.6639969244288,0.8027982467153854,1.5261448515428957,Karacadag
411,6335.0,110.32234639168789,74.00808840689238,0.7416066593887433,6465.0,89.81075946620903,0.7172780797101449,310.97770542341357,0.8231859962115358,1.4906795833604256,Karacadag
412,6433.0,116.59213892498357,71.01895433289411,0.7930757602679922,6553.0,90.50276234061202,0.7019860323003055,319.2203461105329,0.7933088279473115,1.64170452832169,Karacadag
413,7564.0,120.00164689893907,80.63680762239207,0.7405836535497698,7674.0,98.13655749198038,0.7134502923976608,336.7766952966369,0.8380642638858364,1.4881745748279818,Karacadag
414,6474.0,115.85151978202619,72.49974428342513,0.7799845113037553,6645.0,90.79070884520863,0.692776886035313,321.32085117392114,0.7879610343576843,1.5979576331900542,Karacadag
415,7346.0,123.26002594541467,76.14490251531426,0.7863680426651901,7457.0,96.71203490581979,0.7066179299730666,336.2914139223983,0.8162613434344501,1.6187561067613767,Karacadag
416,7046.0,125.18470364606405,72.01967355284349,0.8179373529509231,7153.0,94.71666079525797,0.7189062340577492,333.2203461105329,0.7974243270795558,1.7382014867675208,Karacadag
417,6193.0,109.3146811578889,73.2959643081796,0.7419056389280403,6367.0,88.7984937966003,0.71061388410786,310.492424049175,0.8072516253949713,1.4914147346266609,Karacadag
418,6355.0,120.89523577234527,67.6298362000384,0.82889203358867,6478.0,89.95241690356052,0.7611690022757216,320.35028842544403,0.7781712477265629,1.787602078685452,Karacadag
419,7616.0,129.62070735878532,75.03386406032868,0.8154180636725383,7735.0,98.473307919979,0.789059262329051,344.5929291125633,0.8059796490646168,1.7274960976895413,Karacadag
420,6500.0,111.14767073360213,75.02557070734103,0.737810378087704,6612.0,90.9728368293446,0.6839225589225589,313.01933598375615,0.8336444995559948,1.4814638487345309,Karacadag
421,7175.0,123.17634195395313,74.5581736154662,0.7960003087837904,7315.0,95.57977680176279,0.7363505747126436,332.73506473629425,0.8143941175486663,1.6520836815187445,Karacadag
422,6489.0,125.51160330277229,66.15028446954865,0.8498372711013992,6605.0,90.89582721878091,0.6907600596125186,326.2914139223983,0.7659075426540104,1.8973705753381873,Karacadag
423,6928.0,117.73164457722346,75.59582356390206,0.7666185103632133,7087.0,93.92019785927417,0.7194184839044652,326.14927829866735,0.8184363301193845,1.5573829217920152,Karacadag
424,6770.0,117.74227687402794,73.7388646007989,0.7796034489485836,6878.0,92.84304883973303,0.7645398080180689,322.5929291125633,0.8175020397111868,1.596746539446341,Karacadag
425,7457.0,125.33666896482016,76.08039267729772,0.794695525805485,7583.0,97.43996759590034,0.6863954344624448,339.84776310850236,0.8113442742913101,1.6474240544005556,Karacadag
426,6779.0,119.98083518853916,72.50240477287295,0.796769600703727,6884.0,92.90474085728708,0.7003099173553718,323.4629867976521,0.8141910293674877,1.6548531812758636,Karacadag
427,6431.0,117.42372560249586,71.12387675901749,0.7956909859684638,6609.0,90.48869273114643,0.6628530199958771,323.7056274847714,0.7712370319644567,1.650974763374498,Karacadag
428,6907.0,121.38179386119636,72.98034973735874,0.7990637855562102,6999.0,93.77774541694724,0.7065984654731458,326.2914139223983,0.8152447830345585,1.6632120056703545,Karacadag
429,6626.0,119.64635139029649,70.85457805463355,0.8057909612736827,6734.0,91.8503414441949,0.7064719053203966,320.04877323527904,0.8128847232968508,1.6886185010944708,Karacadag
430,6674.0,116.9936734080641,73.15168321624297,0.7804150125124673,6788.0,92.18243174034018,0.7542947558770343,321.17871555019025,0.8130224771442759,1.599329889132151,Karacadag
431,6446.0,119.98766835158047,68.74402643384114,0.8196072658038549,6537.0,90.59416154125418,0.6587634133878385,315.84776310850236,0.8119785454493571,1.7454268330799028,Karacadag
432,6894.0,126.86120099593184,70.68914752733593,0.8303672877368872,7147.0,93.68945202851927,0.6754850088183422,342.04877323527904,0.740465909596301,1.7946347555948927,Karacadag
433,5874.0,112.18854581367106,67.60033860484305,0.7980735277811944,6036.0,86.48126436271816,0.689922480620155,307.56349186104046,0.7803226988884597,1.6595855602065521,Karacadag
434,7358.0,128.00450801869025,73.6520015554683,0.8178819925022417,7473.0,96.79099426166324,0.6812962962962963,342.19090885900994,0.7896464967924105,1.7379637391427625,Karacadag
435,7427.0,124.47875948601428,77.39221787270807,0.7832313962925409,7728.0,97.24376637475562,0.7163387345679012,347.22034611053283,0.774128321875398,1.6084144234082096,Karacadag
436,7189.0,124.88056693645925,73.6722567618406,0.8074458273383711,7304.0,95.67297992171606,0.7652757078986587,336.0071426749364,0.8001682751918504,1.6950826868268625,Karacadag
437,7140.0,123.88072666012773,73.78383294971489,0.8032783452348785,7240.0,95.3463704050084,0.6730769230769231,332.43354954612926,0.8118922245917016,1.678968436683885,Karacadag
438,5834.0,114.06428235488141,65.46644879885937,0.8188949294698218,5912.0,86.1863069401685,0.6682703321878579,300.2914139223983,0.8129998382164505,1.7423319035577314,Karacadag
439,6720.0,117.761601460566,72.98858212589398,0.7847602024590512,6831.0,92.49956616449772,0.7491638795986622,321.32085117392114,0.8179020931238243,1.6134249773128282,Karacadag
440,7080.0,118.97025746205708,76.61775286429015,0.7650190715993205,7237.0,94.9449102202164,0.7290701266604881,332.14927829866735,0.8064482344354821,1.5527766478975722,Karacadag
441,7280.0,120.23220784325206,77.57350174735991,0.7640159560057902,7401.0,96.27660092500142,0.7523770152955767,333.32085117392114,0.8234102691276405,1.5499133742192315,Karacadag
442,7224.0,123.18910850333364,74.91620987311663,0.7938298837120897,7351.0,95.90559144891822,0.7036820572764465,333.3624817342638,0.8168722824920343,1.64435852683919,Karacadag
443,7586.0,122.39667585756094,79.50826911467041,0.7602804292377309,7752.0,98.27916964627319,0.7774134043861447,341.4213562373095,0.8177891345315563,1.5394207070592234,Karacadag
444,6891.0,118.27313371379758,74.79055185594164,0.7746791262572761,6990.0,93.66906481208194,0.795911295911296,321.7645019878171,0.8364035249204753,1.5813913760338367,Karacadag
445,6913.0,117.69321104009609,75.1512485741303,0.7695926852455952,6992.0,93.81846818592905,0.7216828478964401,321.2203461105329,0.8419190366768954,1.5660845730859916,Karacadag
446,6654.0,120.97180372038062,70.33833927227839,0.8135863693366787,6754.0,92.04420639381804,0.6890338614476545,321.1198410471445,0.8108833446693386,1.7198558420906278,Karacadag
447,7389.0,124.82334221180437,75.64499788588105,0.7954521170194674,7509.0,96.99467509120342,0.6837235125381697,337.01933598375615,0.8174964838935616,1.6501202419241832,Karacadag
448,6579.0,114.17397970534802,73.74995657066445,0.7633850980901428,6723.0,91.52400212410204,0.7293791574279379,317.90663761154804,0.81803250135683,1.5481226703632127,Karacadag
449,6622.0,114.26011271983927,74.61508382598892,0.7573335312737206,6777.0,91.82261303859876,0.6997041420118343,320.2914139223983,0.8111635872118382,1.5313272713906907,Karacadag
450,6929.0,117.29570139306688,76.04244399408441,0.7613876022359974,7095.0,93.92697591996637,0.7498917748917749,326.73506473629425,0.8156220076549879,1.5425030447757795,Karacadag
451,6418.0,116.89433769881862,70.32758985431548,0.7987720053246303,6525.0,90.39718689268088,0.6827659574468085,314.8772003600252,0.8134430371283532,1.6621405331956742,Karacadag
452,7299.0,128.2011293517605,73.24341203074292,0.820729877893341,7433.0,96.40215473225665,0.656502968159741,341.84776310850236,0.7848880967444359,1.7503434888853873,Karacadag
453,6101.0,120.74271275887638,65.5145876656103,0.8399933984653661,6248.0,88.13645365244297,0.6276748971193415,317.60512242138304,0.760039025691294,1.8429897380283176,Karacadag
454,6789.0,113.92522955262743,76.27712826891216,0.7427789284208519,6892.0,92.97323953271189,0.7242372519735438,320.3919189857867,0.8310986280433225,1.4935699879915285,Karacadag
455,6824.0,118.73871688821055,73.8919975888512,0.7827728523994135,6942.0,93.21258849143044,0.7084717607973422,326.97770542341357,0.8020706018658811,1.6069225459148475,Karacadag
456,7446.0,124.83787097434694,76.49969227429388,0.7902439726206376,7550.0,97.36807305322428,0.8030629853321829,336.9360748630709,0.8242099847722756,1.6318741587447678,Karacadag
457,6660.0,116.06062135939143,74.43567388967524,0.7672470457444559,6881.0,92.08569578352646,0.7773109243697479,322.9360748630709,0.8025109529891451,1.559206967500698,Karacadag
458,7055.0,121.94478332772619,74.15447557248363,0.7938613592876034,7161.0,94.77713325537216,0.6823017408123792,327.84776310850236,0.824826171307376,1.644469634318013,Karacadag
459,7428.0,124.07899281211128,76.42878415280568,0.7877705749004105,7557.0,97.2503127927761,0.7469079939668175,341.0782104868019,0.8023683838747058,1.6234589387689007,Karacadag
460,6219.0,112.58659485337068,70.95236581421243,0.7764307255761043,6334.0,88.98469940786437,0.7035067873303168,315.32085117392114,0.7860045143690715,1.5867912727276323,Karacadag
461,6980.0,112.25771904674308,79.70341132953362,0.7041978063838416,7080.0,94.27201081048095,0.7576250949744926,320.73506473629425,0.8526531524721032,1.408443091383049,Karacadag
462,6743.0,116.36963734073314,74.19230406404749,0.7704029944243298,6870.0,92.65772633811603,0.7080751863908432,321.22034611053283,0.8212151112848701,1.5684866349517264,Karacadag
463,6848.0,121.44297723568954,72.83792666915325,0.8001720026521645,7015.0,93.37635890495191,0.6727576382748797,332.5340546095176,0.7782181585464942,1.6673041475674026,Karacadag
464,6487.0,112.37153099760194,74.46369906750385,0.748923676975004,6663.0,90.88181846055349,0.6762927439532944,316.7766952966369,0.8123577243255793,1.5090780125727217,Karacadag
465,6835.0,119.01673900706594,73.42435522187029,0.7870222527595352,6938.0,93.28768561961883,0.7401992635910765,323.32085117392114,0.8216388310155621,1.6209436044406071,Karacadag
466,6610.0,112.34506539036816,75.69686208391839,0.7389238591409367,6715.0,91.73937753603643,0.724939679754332,315.56349186104046,0.834137828974627,1.4841442867977956,Karacadag
467,6515.0,111.14612751676337,75.53378562342081,0.733592235894688,6700.0,91.0777449981585,0.7206858407079646,316.3919189857867,0.8178497380191767,1.4714756661461466,Karacadag
468,6666.0,115.46027915758526,74.59294973000564,0.763296291451746,6834.0,92.12716648852604,0.6879256965944273,324.2914139223983,0.7965339164832921,1.547871207339323,Karacadag
469,6657.0,118.83948058785585,71.58629110023342,0.7982109496556224,6764.0,92.0649534258394,0.7121309370988447,321.8061325481597,0.8077924484259412,1.660087130669469,Karacadag
470,7327.0,122.75284518956894,77.80073673856232,0.7734970787443372,7620.0,96.58688391430039,0.7159468438538206,344.14927829866735,0.777396049355029,1.5777851256352677,Karacadag
471,7494.0,121.54461701397302,78.70308352476866,0.7620448690254469,7597.0,97.68140635886294,0.7171291866028708,335.7056274847714,0.8356151588104211,1.5443437737191288,Karacadag
472,6188.0,116.29889137134961,68.52403489981356,0.8079826622147408,6345.0,88.76264024250962,0.7147147147147147,315.32085117392114,0.7820864986196839,1.6971985310174145,Karacadag
473,6050.0,109.31399182831046,71.82239526703347,0.7538658396632985,6206.0,87.76730168831519,0.7171645329540066,307.9066376115481,0.8019127827046016,1.5220042637381332,Karacadag
474,6252.0,111.68664345092442,71.84696766137486,0.7656221042013265,6378.0,89.22047765891101,0.7647706422018349,310.69343417595167,0.8138880695563216,1.5545074077074443,Karacadag
475,6505.0,115.38591801155304,72.14516246311884,0.7804237099503792,6618.0,91.00781965579789,0.7643948296122209,316.5929291125633,0.8155577949688412,1.5993576571476877,Karacadag
476,7205.0,121.06777024953263,76.7951525263749,0.7730743550991117,7385.0,95.77938671664612,0.7770707506471096,334.0071426749364,0.8115818775222763,1.5765027643893605,Karacadag
477,6987.0,117.4492311339324,76.17427738484682,0.7611533484815229,7082.0,94.31927003038447,0.740933191940615,324.97770542341357,0.8313683202115377,1.5418489700999294,Karacadag
478,6858.0,111.74625442698817,78.60366175365382,0.7107823083312124,6962.0,93.44451186556515,0.7231888642834546,317.7056274847714,0.8538027116783333,1.4216418412822065,Karacadag
479,6201.0,118.66179514907901,66.74206656886845,0.8268270577430148,6295.0,88.85582939178917,0.6775568181818182,311.4629867976521,0.8032647469451822,1.7779161067276315,Karacadag
480,6356.0,116.08499759940507,70.45996893834531,0.794725678842102,6507.0,89.95949391996764,0.7069291513735958,317.32085117392114,0.7932252521897187,1.647531205995607,Karacadag
481,7088.0,119.03051866373073,76.17539693831175,0.7684038422405657,7191.0,94.99853626810696,0.7174089068825911,327.22034611053283,0.83186523261157,1.562584816724012,Karacadag
482,6036.0,115.14821587940155,67.01388065060368,0.8132035835654544,6123.0,87.6656939288194,0.66999666999667,304.5340546095176,0.8178758139986341,1.7182741062222646,Karacadag
483,7070.0,119.90178594820176,75.3874380322463,0.7776129701219056,7179.0,94.87783503683882,0.7087719298245614,327.7056274847714,0.8272970566259705,1.5904743426473102,Karacadag
484,6256.0,118.26463454275239,67.66857324107046,0.8201285713132026,6364.0,89.2490145148011,0.7157894736842105,314.73506473629425,0.7936268328625784,1.7477039765776143,Karacadag
485,6485.0,116.49166120243183,72.01823759402235,0.7859999587508519,6629.0,90.86780754264697,0.6830629871497788,317.1198410471445,0.8103507048366541,1.6175300187032187,Karacadag
486,6379.0,118.18439047449797,70.0278548854558,0.8055480231156198,6621.0,90.1221119141446,0.7364350034634034,322.8355697996826,0.769129923634625,1.6876768632683605,Karacadag
487,5798.0,110.48216942718767,67.37744933871117,0.7925175708439247,5911.0,85.91997951800543,0.6908137733825808,300.6345596729059,0.8061396222228686,1.6397499536051898,Karacadag
488,6639.0,116.76424776210955,73.35795012026448,0.7780059159743639,6829.0,91.94040100791787,0.7306845696676205,322.73506473629425,0.8009773322901778,1.5917054330264673,Karacadag
489,6750.0,111.84996605012843,77.66011124153374,0.7196625875808882,6891.0,92.7058084855655,0.7336956521739131,319.8061325481598,0.8293542259949745,1.4402498819794307,Karacadag
490,6892.0,121.00054183789342,73.25917610644103,0.795887128567048,7032.0,93.67586104389295,0.7150861174517534,336.14927829866735,0.7664622442024539,1.6516776227743424,Karacadag
491,6562.0,109.71326488724776,76.89987438228091,0.7132430093689331,6691.0,91.40567757285177,0.7187294633077765,316.048773235279,0.8255395270387621,1.4267027842184308,Karacadag
492,6729.0,114.9084539403593,74.91598710668279,0.7582513289354083,6822.0,92.56148711274528,0.7870175438596492,316.5929291125633,0.8436415683851394,1.5338308734653117,Karacadag
493,6956.0,116.05885002408687,76.63002166918108,0.7510294890388266,7053.0,94.10979902846351,0.7286821705426356,322.048773235279,0.8428031284776684,1.5145350020273216,Karacadag
494,7116.0,118.7809758636946,76.6462442157382,0.7639514408328287,7224.0,95.18598951702619,0.7831829187761391,326.8355697996826,0.8371189500764139,1.5497298932137975,Karacadag
495,6424.0,118.04758590406443,70.11805213738792,0.8044788870156189,6603.0,90.43943186121132,0.6779231743351625,320.048773235279,0.7881031485751543,1.6835548379576253,Karacadag
496,6978.0,120.65111262163138,74.18835681799457,0.7886051709892988,7098.0,94.2585038241217,0.7017296862429606,333.56349186104046,0.7881044977637104,1.6262809664004736,Karacadag
497,6320.0,113.14997311780897,72.32320802565734,0.7690571076741812,6546.0,89.70436958546796,0.6948873007146784,316.14927829866735,0.7945890077946147,1.5645043438569257,Karacadag
498,6815.0,115.49401745972017,75.95932112347991,0.7532882394289583,6983.0,93.15110035512267,0.7025773195876288,328.14927829866735,0.795303360062647,1.520471954613344,Karacadag
499,6211.0,113.03616019696724,70.43189670300275,0.7821487678036815,6302.0,88.927446901112,0.6888864241348713,307.4629867976521,0.8256304652477964,1.6049001303147943,Karacadag
500,6495.0,113.70319808703934,73.25846828743472,0.7647765699040674,6585.0,90.93784054536859,0.6976369495166488,311.7056274847714,0.8400395495239493,1.552082656723273,Karacadag
